,Cluster Number,Cluster Center [avg. hour of day online],Cluster range hour of day online,Cluster members
0,0,00:40 UTC,00:00 UTC - 01:19 UTC,
1,1,02:01 UTC,01:23 UTC - 02:32 UTC,
2,2,03:04 UTC,02:34 UTC - 03:34 UTC,
3,3,04:06 UTC,03:35 UTC - 04:43 UTC,
4,4,05:31 UTC,04:49 UTC - 06:25 UTC,
5,5,07:23 UTC,06:29 UTC - 08:10 UTC,
6,6,08:59 UTC,08:11 UTC - 09:48 UTC,SoyBarroar
7,7,10:39 UTC,09:50 UTC - 11:18 UTC,FanFani
8,8,11:58 UTC,11:20 UTC - 12:28 UTC,"donoscarbonilla, Chabeli_Espino1"
9,9,13:01 UTC,12:30 UTC - 13:31 UTC,"alcriorne, AndreaVLK, Nobody"
10,10,14:03 UTC,13:32 UTC - 14:32 UTC,"alpaquitay, Maxlancer"
11,11,15:02 UTC,14:34 UTC - 15:31 UTC,Severus
12,12,16:01 UTC,15:34 UTC - 16:31 UTC,
13,13,17:01 UTC,16:32 UTC - 17:31 UTC,andy_cr
14,14,18:02 UTC,17:33 UTC - 18:32 UTC,
15,15,19:02 UTC,18:32 UTC - 19:32 UTC,oskr04
16,16,20:02 UTC,19:33 UTC - 20:31 UTC,Joha3008
17,17,21:02 UTC,20:35 UTC - 21:31 UTC,
18,18,22:02 UTC,21:33 UTC - 22:28 UTC,
19,19,23:01 UTC,22:34 UTC - 23:05 UTC,
