username,hour
Taringa,14.798
alpaquitay,13.754
nuevorden,15.067
josezu,10.362
zendostrike,13.22
donoscarbonilla,12.049
AndreaVLK,12.542
enivid,12.224
Ale_Sabater,13.187
Nobody,12.912
FanFani,10.549
Kira9,14.963
Holly,17.637
oskr04,18.721
elitrimarchi,17.627
RamaSalemme,11.361
marinc3,18.383
iovreche,14.172
dist159,15.829
LaPipol,7.197
Maxlancer,14.364
DebyMagallanes,11.125
Pipo1995,13.463
SoyBarroar,8.547
mabgia,12.704
Chabeli_Espino1,11.554
andy_cr,17.501
christhoph,10.063
johndvann,11.447
alcriorne,13.061
DaniAnantes,13
UniversoGIA,15.933
archivodeautos,13.834
Gosia,14.934
six_to,5.606
francosaraceni,18.181
Nerina_Comedia,16.921
NancyGay,3.715
eliaslocura,14.686
Joha3008,19.859
king97,10.151
Gabriela,6.63
MatimoranOk,17.601
Gopa937,9
axelmartinezok,6.64
cartoonmarica,11.664
qaprod,18.148
facundo,9.445
john5,7.52
voilabee1y4,10.881
Jackie714,14.474
Severus,14.641
rarore92,13
terrorran,13.328
Dracorazones,10.528
aquisofy,10.343
byebyenye,21
TMusicaOnline,16.406
facuibarzabal,12.22
manuhorazzi,11.987
finanzasya,13.979
Berdasagar,12.171
elargentinodice,11.923
soygabiventura,11.103
ferender,14.397
valefarfan,14.429
Dianitam07,15.953
consumoironico_,13.146
ladeckie,13.674
testusername01,15
tetusername94,15
b15c9097d47a4d580bef748aa5f378f25fb597f7,2
dup_severus,15
9fe7106c854c4a3fa743026c59d1d7860da4fcab,16
santiesparis,18
Arielconurbano,18
seresacereza,18.286
OscarBrass,19.082
lisjortega,12.974
sebas12ful,18
celestej,19.328
Charly11121974,12.995
JuanCai,18.5
danii9ds,19
arielgagliano,19
Ultrafacu,19.488
lorainef,19
Madheluna,20.354
dianitam03,19
hugovoos,19.654
jufecruz,10.484
JuanDa_,20
Sol_Sol,19.748
LuisVillalbaR,20
ivanbabi,20
daniherrera,20
Lauraram28,10.391
Mi_Cerebro,20.143
Leonqn,21.33
walterzaq,22
Nachone,22
DragoX3,12.647
edg_51,22
HijodeMilei,9.145
MrChipa,23
azyra,23
itzsantiago,23
BaronSamDee,4.302
Jeeper1971,0
zacky222,10.166
GauchoPro,17
Mhibou,1
LucasHood,14.538
Skriblovsky,11.359
ec5074b1b0f708131e29895a21bdc4885f483305,2.662
Elejeronimo,2
Luane,2
Lucasvega07,11.789
Axel_E_Dragani,5
valeryc86,10.441
Nekita,2
Mooncake,11.535
Walter,10
Viador,13.279
otakumetalero,13.531
Ferpaler25,11.22
sabe_ondo,12.523
JonaCaceres1990,15.812
Montxo,12.79
Nacho,14.319
calisuar,7.181
monimonito,14.8
agusszigon,13
ferrnnett,15.052
peterrocha7,16.081
carloscuarto925,20.146
AlexCristopher9,12.062
reinaangela,15.211
laritabe,15
Artificioo,17.15
XochipilliSalta,18.07
fabitoush,17.569
Deathlaw,16
W4lox,16
ferchun999,12.327
Martinocba470,16
JCruijff14,16.04
witus,18.951
gdbtheone,19.475
kenoxidio,18
Jacha5271,20.241
joartdjp,19.353
Electropendien1,8.866
Pipo6712,21
ppsicach,15.411
pesodemas,21
Mauri934,12.622
GordoMantenido,11.227
63fad3373bcc2693c2eccb46eadc00828c423087,21
malandrorian14,20.877
Capibara,23
Camii,1
HehrBeats,10.467
Galucocina,2
Licha,8.665
nachiin214,4.378
Logan_Mizuno,5
elale466,10.985
dup2_taringa,4.563
metalero,11.131
magnum,9.468
solar77,16.922
ShirleyBouvier,20.046
surprise_bitch7,8.596
Raiko_Kun,14
nandogabriel,12.884
ezeasmuss,17
francaise666,16.032
naiguata_,17
srSotomonte,14.279
Malvarios7,18.279
unicornia_juice,6.329
CamilaUb,18
FrancisMocha,19
Dar_ramirez,20
Juan_supernova9,13.498
Luky_Charm,21.642
AlecranZoy,18.975
PakuPanda,16.838
todosobrejuego9,23
vickyflorgr,23
dup_ngh_sick,0.771
marcelovqz48,8.57
piratadepelopin,11.951
Ngh_Sick,7.661
jona200120,9
osqui556,18.241
agronomicus,4.5
cornoman,5
Bluewall,4
Media1,12.472
Chumber,13
chelodistasio,13
cesar091218,7.173
57dcae738ddc3254c78f808a822295ca1120e059,19
MundoAstroLila,17
Cucaracha282,19.77
LaCrudaRealidad,14.572
Sebas_Mizuno,17.176
TheBlackMa,19.172
Hector666,21
sobaladespacio,22
d5744aa32bbf59db0e4b8704bec44c5e83478aae,13
IvanPillud,23
Blue_Side,9.379
cuarenta5,3.912
DiegoMatiz,1
bladee,9.885
fluvion,11.509
Argenzuela22,13.658
Rafaeldeyuna,3.604
akire8695,14
Gaby2205,15
aga1n2,17.424
blackmarxP,9.267
Juampi1989,20
Cucaracha2882,15.592
italofan,22.247
cnc123,20.633
Fedeproxter,5.76
Gabriel2389,23
cheloid,3
SatirodelSobre,2
Dr_Wallace,3.833
OctaVl1,5
IamC0,11.053
Pabl088,18
geminio,16.615
kng741852,11.109
fitow51536,22
JairVillalon,22
Hector_AR,2
Rivotrilandia,5.518
d2e0ddd8ba0952306c7faeffb9ac63be70b4ef62,3
lerog,11.608
sofita154,14.083
siaeico,14.413
Coco9209,15
NahuelIvorra,16
camiback18,11.25
mendoza07,16
Maarknot,14.712
NicoDoppler,14.939
zaid3105,15.841
ElGordoPofo,17.188
AdanGuzC,17.474
SamSantalucia,15.594
Almanza,17
FlooriFilighera,18.321
SoleUri,18
Berd1185,18
el_abandonado33,15.399
The_Knight,19
dulceaburrida,17.586
JuanGalaxia,14.639
Balaam,19.429
FranciscoMorill,12.85
pblodniel,20
scalvo1977,20
levis2000,15.848
gustavorsabino,16.845
mermelada666,21
temple1990,7.818
javistone885,21
Freddycordovaf,21
ferherre83,21
pacoalsur,21
pelaosan,16.465
mercuriosworld,21.714
AngelDarckXX,22
exe707,21.529
cothey,22
AndresZorroGris,10.494
malulu,22
emanuel_z,22.248
carmen455,18.845
Khatib,21.351
Doppler,22.137
Juansaa,22
SirDuck13,22
maxiC1988,22
IndiaPiamore,22
diegocinco5,22
matias1905,20.864
dsi9822,22
HEZ66,20.484
Emir531,23
carobouvet,22
violeta_,23
maria984,21.02
eleddiee_75,6
viejito22g,22.802
ArielAguirre,13.686
gabypatingosa,21.033
jose_restuccia,12.215
manu84_v,23
gatongas21,20.526
ironprog42,23
YosoyMasked,15.228
soyromherre10,18.324
diego,0
teresa,0
DiegoSP,0
Emysshe_15,0
exi_dev,3.561
cuervomvd,11.818
Lisandro,1
esteredondo1387,1
Arthurjj7522,10.852
M4RT0,9.846
SaiBaba1,6.997
nicotalleres5,2.934
Nicolax,1
allcracked,13.25
byia1995,2
eze198407,8.848
derota,3.649
MEHMO,5.367
hezdjesus,8.171
Hugazo74,13.906
cyncaraballo,2
jjpp1976,2
danito19,12.275
comandante1976,8.101
tombria836,2.315
Emma32,2
carolina489c,5.18
adrian3006,2.673
pennylei,2.888
mauriciosanch,2
V8horcas79,15.879
elMUDO,1.383
david,3
GeorgeCR2,3
guldukat,5.32
yery007,5.835
neckfreeze,6
YomanGuedea,6
Gabriel202375,7.619
polfraktura,7.929
leiuqexe,10.429
cualquiera,10
QuiqueU,10
Albert,10
Clarita,10
mardelplata1978,10.867
Helkaelinion,11
locobeto2,10.533
SubtePass,12
fcXeneixe,12
brenlle,13
dananantes,16.626
quevidadeperro,17.008
Black,13.75
Tonns,13
aspirinetas99,11.769
Damiancho,13.496
fabimazzei,14
indiosolarirey,14
kenjykun,15.3
kenjytasato23,15
vanesa147,18.025
juani,13.903
Silencer2,16.629
gab3k,17.972
oscarguiber,16
gltaccone,16
Nightmare69,16.733
pacuandolosnft,16
federicoborzi12,14.839
shandy59,16
marirodo,16.887
redelser,16
Teampinsa,16
harryy1242,11.803
anja279,16
rodrigoalva,16.007
byK1LR,12.921
elchecha6411,16.22
pablocieslik,17.786
felipecasasl,17.927
calicheb,17.243
pucheidex,17
filltler,17
lito0284,17
sergioparada,17
Francisco,5.844
Fede13,17
gmoalarcon70,8.351
momazos,16.955
jodacame,17
Lionel,19.006
rabemo,18
Tobias1999,18
HMMA007,18
LaurelyRowan00,18
Yornett,18
Manolo12,14.008
djnico70,18
robertmaxpower,13.667
nestorcde1,16.4
palu85,19
sherm4n,19
neverlup,19.194
davix221,19
3f6913aca8bbcadbd8f94055b13fee0ef53f66c6,16
SebaLopez8,19.833
Jorgedaniel10,12.667
lenincassal,13.36
Animeonico,11.25
Gustavoc77,19
Caspier,16.466
javierlew,16.829
davydq,21.463
ElSorete,20
MatiasFerri,20
Heragon7,20
Uriel,18.535
_febas_,20.395
Renzo72,12.096
19720502,15.977
Messi,20
videoslatam,21
cmanassevitz,21.663
mati98rde,20.695
almauro,18.628
Nikcodra,21
MaxBen369,21.833
lagcaste2011,21
mandrake_lea,17.984
Brayanpapafrita,22.217
TrikoIsmael333,21
sindyclaptrip,18
Gabito,17.075
Pranse,22
JoseLuisNieto1,11.379
Pameladelga,20.113
Levitandotuluz,19.377
memocama,22
nicolasseijas,15.957
fvilledary,22
JTAPIAJ,22.747
Kumbancho,23
ggalvagni600,23
HectorJacobHe21,19.75
pblarismendi,23
promocion1,8.794
BraulioBidan,23
Actkk08,8.64
homerolll,3.505
fakundoa,0
tynchon,7.258
diego271707,3.918
Ekekocem,1.605
Madera,0.48
LicLali,6.898
Aoiro,7.362
mundonorte,4.251
djlea83,7.777
SHIVER,1
unpapahipster,3.751
Adriansp29,15.494
rodrix_and_melu,10.217
LisandroS,11.1
cbdiego2,4.913
SpeedRacer,10.989
LEONCIO,2.46
Chad_0465,3.363
Fidel622,17.82
saquetee,5.818
burromalacate,4.008
NOVACHESS,2
americano8127,8.953
venjajaj,2
AutoresUnidos,11.998
bann4ever,6.055
robert,9.643
MatiasRoldan,3
diegoparedes91,3
Gem1985,4
Gabriel,6.752
juanwen,4
SantyS18,9.214
gsn07,4.858
RoCkNaLd7,4
mariogamboaalv1,17.902
Albin,5
oskrvai,4.532
Durazno,10.886
GabDroguett,10.263
juanjo545,13.873
lince_estepario,16.273
CKaphwan,8.649
Soledadluca,12.373
nahi32,12
j112233c,19.333
kuasixz,12.205
oaboschi,12
julio,8.734
mape1603,12.294
feedee10,15.63
pasuco68,12.606
Yolandrag,12.459
alexcervantesrs,14
Veronica,14
JocRa,14
ezr7382,14
julieth261109,14
odrll,14
guztavo_kratos,14.538
Exkalibur1970,12.319
soyalbertoborja,15
aeortiz87,16.989
Aidentaylor,16.788
Jujomo_ok,15.875
thecolosshow,15
MiguelOrtizS,13.505
kuraudu,16
candecontardo,15.578
brenesr59taring,16
julianguevara94,16
vale_sombra,10.222
solpo_,16.3
ElBreco,16
Test_user_21,16
TuTarjetaMagica,16
dup_taringA,16.536
SindoCvmentx,17
ArielPugliese,17.857
Sandra,17
mauricio27000,17.588
Sofivacan,16.81
dup_andreavlk,17.126
dup_ANDY_cr,17.581
nahuel20161997,18
Kalvicio,16.603
perrillo361,18
JPincha17,18
Andres777,18
Ideas,18
anasheeeeeee590,18
denisky,15.521
PLAGAA,18
yosee721,15
xcapibara,18
Grindelwald,18
Gus425,18.188
agustin519,18
pepe178484,18
gabriel68927,18
LISANDRO137,18
265cdb86afb0ee2964fdbd35a6f8e93cfdede15c,18
Lucalen,18
Dohko,18
Mirian322,18
Ralph3117,18
Tylerdurden7,18
Karlycond,15.12
textil506,18
MiluWS74,18
arum2,18
Irvingox,12.527
dup_nachone,18
jesus27752,18
evelyn199325,18
amoelterror666z,18
mica381,12.032
Javiermont44uy3,18
David336,18
Srlooper,18
tinchofacho,18.247
milton322,19.997
Danieljp,18.6
jessi,18.5
Herman,10.116
YisGimenez,19
Erwinfabro,17.782
merovingios,19
MrWall28,15.221
L3L0456,19
BarromSamDee,19
Michelinita,19
spock72,19
robbirotten,18.158
lourdesMar,19
chiari,15.471
6aada67915094926c9889005cef47bdf99f2db01,20
german,20
db3195504e1249bb73ce4bf9dff10c56a80fec14,20
nutanutella,20
locutando,18.529
Enriquecg06,15.089
bennaza1,20
solounaprueba,13.38
Maryvega016,4
joaco_neah,20
iecmoreno,9.95
vanesazul,20.236
melani7,20.5
Gonna,21
Aguslasso,21
SanBuPa,21
alanbrungtr,22.774
Rigocastro,18.024
RicardoIel,16.694
tincho_el,21
sp33d3rs,11.88
GoRe123,22.857
Dimmumorti,9.803
gamerxcom,21
roman723,21
Looz23,8.004
TheDannyLingo,22
Alcala_HP_999,22
maxi123733,22
wrenly166,22
Alcala_HP_000,22
codi725,22
Maximiliano01,22.125
PROmarianich,10.149
madebymad922,7
Lauti,23
nachitowest3,2.957
FabiFuentes,7.333
valen700,23
FRAN990,23
LANchotta,4.447
CARPEE,10.451
eveche_1,0
Brunesky,0
Krakitos,0
axel33,0
laujerort,1.667
Doc_ares,10.412
Skankao,1
sofimarg,1
emamyrkur,1
hectorbo,1
Danibrach,1
48future,1
jjjero,1
Quilombo3,3.807
cofipluz,6.918
RATOR21JP21,1
sucamileo,2
Hernandeztattoo,2
glenort,2
Milena90,2
mateo1516,2
BeluuGermanotta,2
maribuda,2
mili90,7.229
tomy202235402,2
brandon,2
vlzzortz,2
Mepes,2
nattap,2
Complices_19,3
mariano_4567,3.458
mariano_3421,4
luisnieva22,6
KevinNoguera1,10.834
taringa_pays,8.282
de477,8
Borgesis,11.851
Lauro,10
iiiiiiiii42,10
Inge007,10.831
nachito2208,11
bauti306227,11
lllg777,11
GordoGero,12
geekmetaverse,12
Mitsumi,19
Eli25,16
DarioBarassi,17
YTRama,17.364
flor_izu,17
Cirujatuc83,18
Chechuuu,18
pmarclay,10.619
insanoq,18
Luisoooo454573,16.161
terruno_2465,18
terror233,18
kaozcg,18
Aldair_2023,18
yaoiu,18
d992320,18.52
tigre90charly,17
RodrigoACH,18
CorripioN,19
ciremetal666,19
monerris,19
suicidegirl5,19
js310722,19.6
JosuelinY28,19.667
Alanbergonzi10,20
Leodelgado,20
pedrokdna,21
BreytL,10.757
delfio94,16.264
Veramor,16.214
RamenMaracucho,20.492
beta123,20.197
Kinich,11.917
EduardoDoom,20
ElJorge,14.471
bouzit149,20
SoyCarlosOrtiz,20
Erdrik,20
diegolocatelli,20
Luchijas,20
Leandro,15.747
stuartleiva90,20
mgth69,8.402
LoeySustancial,19.457
Abbacchio,20
Magno,19.481
dyorkaef38,16.016
David_Jelista,4.689
OscarDelRio95,20
josue,20
ikari94,18.02
Sorcxa,20.603
gduenasc,14.731
DikaDm,21
senior_cabra,21
dami682,21
Pancho,2.864
Blugars,22
brian166,21.456
lucasmgros,21.991
pacofrati1983,6.706
SaltyCreep,17.615
MrPmosh,7.587
frankfalciola97,21.103
NinoskaVarela22,22
Rolan,13.123
leox772,22
valentinp_,22
Sandokan90,22
Saya22,23
nicolobos77,23
Peppers,17.682
BrokerBoludeces,22.828
antiparras,23
MatiBarrionuevo,22.014
bapmike752,23
Namisclara,23
SGPlayer,23
cifredi1976,19.033
NatiiJ,20.267
DiegoAle5,22.571
GaurMaillot1980,12.333
pp_moadib,11.094
janjano,23
znake94,0
Harbeen,1.042
ElVatoBase,5.549
agusriveroo24,2.308
Joaqu425,6.118
EricK,0
_TARINGUER0_,0
ElTaquero,4.96
alonsex168,0
marivic2011,7.813
malinaAp,2.578
Wilson303,0.789
ModBeat,3.273
luis2806,1.719
JuanMax20,1
guillermofontes,1
vallak,3.297
Flor977,14
jaftdelgado,1
yhoshi123,1
LeytoGranero83,5.875
DVNIIEL,1
p3l4d0,19
Mwah512,1
smcaldera,6.576
annretro,8.145
xazer,4.481
Emanuelgoya,12.016
locounpoco,8.746
spaghetti_day,4.556
nestorol09,4.06
jhonatana250,2
Lucas,2.614
Fgs2023,16.057
agustinn1233,2
paquin05,1
hazardo,2
soyfedemedina,2
capitancachete,2
vaskou2023,3.26
fercholalarga,2
Darko89,3.615
Cacho,2
valencia0,0
delndkskajfkdd,3
Desalmad0,8.58
OroSenior,3
locus542,3
nataortega,3.25
foobar29,12.032
gerawalter,4
Unplugged,7.37
andyesp,4
S4ma3l_Karma,16
shaddiexx,6
RJT51397,6
Monko_Jones,10.643
blackoutt_,6.769
adrianleogonza,10
audioslave,10
MartinGlez,10
JUANAGUSTIN2912,11
wilmerengifo215,12
Ignaxavier,13.029
slash350z,9.597
mayvallejos78,13
Lichuxx551,13
gerwa,14
fraihath2,13
Kronomio,7.365
pablosandoval,8.513
ambiental51,20
terror797,14
Silman0490,15.776
Jordana,14
Alfredo,15.273
palomitay3773,15.5
Jmanu421,18.048
djanthonnyofi,19.889
Cosme_Baneadito,13.319
rogerkhan91,17
nixx1000,17.691
KDiell,17
carlitaxxx69,17
BetterCallSaul,18
betii,18
jhonnytecuento,18
clarita55,18
frodoo20,18
kuryakistann,10.785
TheSunset,14.373
profe_david,19
skurat,19.312
gcyktcy,19
chinitoooh,19
pmaizares,9
Alej12,19.561
mifrero,17.038
Baldwin,5.576
gilbert39,20
frank,20
ennamuel,2.391
SoyJuanette,21
briguan,21
Juliansabis,14.98
FredyVazquez1,21
samunuu,21.857
eze115,17.061
showey69,22
Valen_Croci,22
Deisy,22
Virus_detectado,9.014
aabba79dff91c0d8f2e7aa8f32a47d613fbc0ce9,17.6
raffaelliflow,23
benzat,23
pablosweet_2000,22.747
elmemesinso,0
Tacaro,0
Igna64,0
Lutherking,0
iovlabs,0
Cleopatra,0
RitaFerrando,1
candee99,1
bianci,1
juampi,2
heyitsbono,2
juampibonora,2
Denise,2
tatianab,10.48
Maxi1977,3
herchuss,3
Tomas,3.3
Emaeth,8.884
DiioRD,4
XMA7HIAS,7.357
master_darius,8.198
Scivolemo,9
antoLenuci,9
nopocho,7.578
ADELNOOR,12.584
Leaneze,11.17
Deathlawer,11
Cintia42,11
ElNazi,11
JMilei2023,11
Larreta2023,11
CFK2023,11
PatriBul,11
ValeFar,11
JuanPabloII,11
Benedicto,11
Boxero,11
Lupecita,4.864
Americas14,11.834
GiuDelfino,13
soysury,13
erikjsantana987,14
eriksilisque,14
eriksantana1715,14
jrangel80612144,14
erikjsantana3,14
erikjsantana09,15.23
ThorcitoCacane,20
Cambriavortex,15
pao85,15
Mai94,15
Antihipocritas,15
barto2003,14.821
Abbys555,15
Matiasdp,15
Pillow,16
alejoraf75,11.614
ambarvioletaph1,16
Namor666,17.019
fantaghost,18
J821131,18
086dee3c7fdea94d0b4934b4cd0ff0585dfd79fb,18
Matute22,20
Messi10,20
NFTStore,20
tupilacenoy97,21.778
Danyvirardi,23
alan879,8.084
Manu25,6.413
josecolocutor78,6.432
cuisegalactico,1
emmanuelzw93,2
Muriel,4
Nachouiteq,6
Solapa97,8.611
criptomonedas,12
Facebook,12
Antiputos,12
Mile_Taboada,12
RiverPlate,12
BocaJuniors,12
Ganar,12
Memes,12
ConmigoNo,13
Autos,13
Terrabusi,13
Alejandrexd11,14
332c6fccd4f1d6c0734ce1908415bc63d891c5f5,17.56
sebah10,13.473
pepehonguito,15
pepepapa105,10.987
erikjsantana08,18
Slainy21,18
genzoq,17.518
Verola247,14.959
Apache,21
DavidLezama,21
MariaEmilia,21
Roger,21
Caminero,21
SmartContract,21
Watch,21
MatiOrtolan,22
carlosbruno91,22.333
Gunchisimo,22.831
wallterf,10.632
meyazulado,23
Angie07,21.135
daifc,23
Ghoul37,3.555
SubUno,8.885
shaielzas,2.844
Libertad,0
OliviaCalfe,0
SolPerez,0
tomicatalano97,0
MarioGlade,0
catilalocas,0
MecanicoJose,0
Mariathustra,1.714
sadovsky124,1.678
eduu82,2
l_DGC_l,2
JulianDietz,8.167
HernuRosales,3
Romiyiyii,3.579
martumoltenii,3
andrea974,3
trankilamaria,3.444
luishiok,8
ramondz,10.058
santitoro,11.663
alessyss_,12
aldanois,12
BochaRinaldi,5.577
dantetosu,16
ktucanepa7,14
soficanep,14
inemilani23,14
tomylucz,14
nicolasdg542,14
mar_arg,14
guillermogomez3,15.046
danixzas,14
MartuFernandez,14
Nahue,14
Loboda97,15
DeniSalass,16.516
Mayra,15
Tyrcian,15
juanmerval,12.323
Bavarian9,15
MiTecno,18.752
almendracocina,16
adrianaferdez,16
MichyFuzz,16
vyctor_torres,17
julsic,17
ElLoroFumador,17.5
tuchoboca,17.5
lean87,18
httrfhij,18
Ale5786,18
totutillo,18
bbbbbbbv,18
favio_beatles,5.625
ElVladi23,14.99
Erizo,18.812
ce986f7723e1cf07e0a8046d9c93ffc49c1ad9f3,6.092
Lucho,5.448
silacc,19
SimonBooth,19
Magster,19
waltm,19
Dani49,19.8
caroaalvarado,19
niki268,19
allsur,19
oscarthegoat,20
Trico23,20
valenpiola16,20
Lauchis,20
CarolinaAranzaz,14.896
EZEAG,20.667
Max_Rojas123,16.948
ferchoquevedo,17.264
Pepe1,4.992
keper19,14.452
Tuzzo,17.907
Ricardo_VLR,21
Alejandro79,12.276
PabloM33,9.972
AestheticMorty,21
TioAlejo,21
yop200816,22
Zarateseba,21
CryzGt,14.077
DragonRojo1982,21
brayan_millo,21
Marsopita35,16.647
santi_rave,21.2
Fredo,22
Ariel333,16.722
Leilabonsi,22
shanksrequiem,22
ger4220,11.55
ElOrihuelas,22
BillyShears,22
testname34,22
ElvisDecanter,22
Jonathan15,5.9
Don_Diablo,21.607
soyagustinaelin,22
kenjytasato2,19.487
wisakz,22
SantiAlvarez,23
eltesteador,23
sabalero23,23
Raptor,18.665
dharma_magha,6.021
gringogamer,19.13
Davirest,5.117
luisv_tbd,23
javierverb,19.317
Soyarigarrido,8.277
Lucas_lazo94,18.959
e50d8824e321c80eed1753d120d3c19bbdd72ed0,23
julchia,0
Fernando840,7.714
sinapellido_max,0
bartos81,0
daasmiller,0.987
juancek,0
FaL100,10.17
matute140885,1
capibara12334,3.354
cocoliso6549778,1.333
fanyizhe37,2
Queboludo,1.812
Saddam,2
AlanRozenkreuz,11.253
SergioAlejandro,9.308
federicoxavier,3
Rocks07,3.595
Joselo7356,11.628
Sebamrc1010,0.571
MicaFunesSenn,3
MAB015,4.075
kevshocks,3
camilar22,6.054
yaninavega18,4
EzequielFiascon,4
st3v3f0rt3r10,4
neo04777,5
aldo_charmed,8
alfredotoro_10,9
Mario,11.844
soylacomadreja8,11
charlycarrio,20
carlos3054,12
FacundoCruzG,13
nachoheav,13
maguibety,15.253
memije007,17.005
ShinNationalKid,11.298
chuli66,15
Sheldon,15
gzmiglesias,3.372
achuradelsur,15
soygiferreira,10.06
Vambiro,16
Pepsi,16
Olivia,13.246
Laurita2302,17
mayito1,17
jandparra,12.451
JoseSanJuan2,10.395
AedriZek52,18
komar305,18
Marcos454,19
FelipeCasta5,19
harold,19
Juaniman1,20
steelay,15.017
djpanza,20
Lauviste,21.417
Borobio96,21
danielfabianzas,21.147
vivirodri63,21.75
juanicristo,22.5
lisamoralesllo,22
Madmax1978,20.615
MatiasClay,23
PedroCenteno1,7.218
jimosilvaortiz,1.25
javierp976,1.5
Juan378,2
Elichexpert111,2
Tobiasfinq,3
Pablo,6.996
Rickyfort,4
fernandoab,15.374
LibertadAvanza,12
elrafas74,12
Tmansil16,13
adultofuncional,4.012
1c0215891ffbeb7d76f3cf4759393d0da322d33f,19
Optiagro,16
Coca_Cola,16
tegustocogote,16
BebeSimpson,16.333
PityC,17
Twittero,17
Mercadopago,19
Julioks18,16.279
masajesvitales1,20
Cris87,13.37
Danna,21
grego114,21
ProfeCripto,21
GananciaPura,21
InvertirOnline,21
antibo,21
avogadro,22
Tvlive,22
Taringa_ok,22
adictoserial,22
Negrobrero,22
dia420,22
Sirterna,22
SubastaHoy,22
Roboarmado,11.5
lapolladesertor,23
alexcanigia,1
MarcoCarajo,1
Gopro,1
JuanMoran,1
Linkero12,14.794
CRLexo,15.184
REXDEUS9,3.333
kodeoh,18.455
alejandropravia,4
gerardot2,4
Jhonnyboy,5
peterdamart,5
FacundoAlves,13
935f26b317b627189d3d89dafa63eb3609c0efb1,18
gersonB99,19
Gonza333,11
Lucas776,11
delled,11.5
sergioChouza,12
JuanTerranova,12
Intel555,12
Juampy2023,12
Office2023,13
FraseDelDia,13
nicavero88,7.752
Alfre2,19
Nadie,15
GamerWinner,15
FedeK,15
Insanoize,14.504
9deOro,15
Arcor_Ok,15
Mirror,15.5
JuaniFest,16
Cande,16
nikyncole,16
Videla86,16
goldenpeanut,16
MirrorBlack,16
pendejoRojo,17
maxmarcuzzi90,19.4
lalopergamino,17
luke89bat,15.12
Soysuperbou,3
ElFerandoxxx,18.47
jackdemon938674,17.24
Gebert93,18
Leonpauls,18
7skenchu,18
terrrr0019923,3.315
Danieludoqe,18
Christian180592,18
Andres_13m,14.4
nicolas89303,18.231
miedo728,18
mijarl,18
cafecito362,18
jojoaquin904,18
bejamin,19.606
PolluezonMusso,21
djezec_ok,19
chezterar,19
Maxity23,20
GUSTA99X,20
backend,20
Llegolanena,20
guidobarone,20
Iernes,20
MaxMax23,20.5
dalequemevoy,21
EnrieHerrera12,21
Explotamico,21
IslaColombia,21
Pactoparavivir,21
lNDj_,15.128
bersuit,21
Arquitectura,22
Nathanael_64,21
bonyhunter,20.904
deirunner2023,13.202
alexarg14,22
millonesUsd,23
BobTrailer,23
xiaomimi9,23
FBIseries,23
DecisionDiaria,12.5
luacsnu,23
ivansapaya,23
matimarsico,23
Omarfabio1968,14.769
elvis,18
joakoo768,1
quepoa170,1
rojo_cai,14.772
El_Citronauta,1
UNPASOALEXXITO,1.55
pipa_joker,2
Ayelen,2
Bitcoin,2
Satoshi,2
SatoshiNakamoto,2
inversionesETF,2
Aviador,2
Gabrielcalvetti,7.732
laprofedeingles,2
guardicarcel,2
jad2023,2
FrancoDed,2
pmosh,14.229
sweettoxic1985,2.463
Azazel222,3
lupanime,19
keyboarder_61,4
balotelli589,3.036
sheetzz,4
anoncete,4
Cafeymedialunas,4
Renork,5
unicorniolr,8
MauroQuijada,5
T2022,6
Nachone_,13.94
Thomas2702,9
Editoninas,10.753
ezequielm,10
banco2023,10.5
Hatting,11
chapatin,11
AbrilCarda,11
Eshoy,11
Igui485,11
Netflixadicto,11.25
Elenanodela14,12
MarielaGimez,12
PabloGimez,12
Andrea0988,12
jdenri,12
gersoniph,15.693
RamiRay,13
jrmartinez,13
chelali,16.877
DaniMansilla10,13.5
NicoColmajer,14
Puntanosuelto,14
PapaBoquita,14
PrimaAtrevida,14
LGorordo,14
Carolina,14
Bluefish_79,15
FedeCiberia,15
CrisAgirre,15
NicoGarri,15
CrisOros,15
FedeMartinez,15
Uriel1,16
elmiismodeayer,16
JuanT386,16
Perritonegro344,14.443
gabriel34725,14.242
sexmaster473,16
Lautaro574,16
alejo033084,16
wally221,17.529
Sebarred,16.5
luisoro,16
minalapislazuli,16.553
RickyDiaz,16
tuhijaentanga,14.894
Matecocido,22
alejpower,17.149
salfajor,16
alexareale,16
Brian369,16
JuanBianchetti,16
Jcharlie1967,2.931
kikinbra,16
tzzrkt,16
sandroayala2326,16
Tom_Villar,16
AlanDiStefano,16
hernanlp86,15.739
gustavo08,16
osvaldo1617,16.333
chacuru2,18.167
AlbertoSuaya,16
Gabriel_Ros,18.825
SilvioLoureiro1,11.516
ChanchiMistico,16
daro78arte,12.521
lunyclau,16
Rolito78,16
Flagsataliano,16.167
el_osso06,16
chechobo83,16
aljaca,16
Zack1984,12.733
rubido91,7.386
Fabianl78,16
facufernandez98,19.881
luk900,16
axelseguridad,16
Cabogutierrez1,17.882
guillermo,18.5
marianodelteso,17
Luiscapo64,19.2
Ozcky78,17.919
Ostarion420,20.22
Pablocapurro,17
carlos58219,17
facum283,17
Gust408,17
renzogimenez901,17
orson,17
Ferra,17
MomoHiraiReina,17
nicolaasxr,15
claudiolem,9.381
jacobacino,17
pastodom,17
aspirinetax1978,17
lolamiauser,18.333
SUPERTUSSA,17
Matiassanchez_1,17
Lalolanda31,17
yoppens86,17
LioEstrella,17.429
hamo2009,8.675
1991joni,4
martin96rod,17
JuanceLedezma,17.75
yackifalak2612,10.835
fere7833,11.828
residente2126,17.571
jose742,17.253
Psoas947,17
jlangelotti,17
blongon64,16.611
DiazLuciano,13.833
MauriJM,17
Roman9z,17.877
SanFilippi22,17
ElOsoVenoso,17
gaby2574,17
aldayjulio,17
zancrica,14.776
Cristian823,17
kva08,17
alegandralima,18.554
coldiak,18.099
fercasla4219,17
irros20,17
arlebi74,12.979
yosoyo1960,17
Skiel,15.345
PollyLeifeld,18
MkT10,7.529
floren,17
Dragolord88,14.391
rokpg,18
Fl0r31,7.587
kstlao,18.946
GiraldezHernan,17
maurogentile,17
Etor1979,17.917
maanba889,19.716
Malumii,1
lilimau,20.691
CatrieloPEZ,18
gimena427,17
karialegre,18
v4len,18
Guti64_ok,18
Avril1727,18
Dante_90,18
SolKa,19
adalbruto,23
martinacastillo,18
Anita21,22
maruvargas2506,18
pejerreydeli,18
FERCHOS201229,18
csebasti2023,10.96
SritaDelta,18
unastronauta,10.415
netzao,18
Educhi1975,18.919
yoii89,18
ariel_nogoya11,18
romiromi14,18
fromconurbano,19.132
Jennifer095,18.866
sabrivox,16.767
eugese,18
Semidios1,18
Pablocar,18
Pajjaro,16.655
diego206192003,18
cuervo1857,18
bluekalei,18
avilaemanuel,1.231
Unicorniatuerta,18
Miilivillanuev4,18
Lucian178,18.933
rapinius904,12.843
ReiAyanami,14.693
Gustavo1357,18
barbi2023,18
solcha0171192,13.261
gusta123,18
LizRivadera,21.231
glucosamino,21.324
Ruthgallardo,19.25
Adro_F,18.3
Ezequielm1,18
Luisito01,18
numero_equivoca,15.067
sabri199949,5.895
victork55,18.328
cyberpalomo,18
elSIZA,18
santi_brd_,18
LaiSun,18
nahu2018,18
ozwygoo,18
florandinoo,18
sugar_thc,20.048
casla57,10.302
Marce,19.374
sebaclementin,18.5
ManquitoVitale,18
natalianahi,18
brissyaz,18
Cyn97,18
FloraWhite,18
matias,18
jcdefilippo,18
natalgonza94,19.143
alevader,18
sheila364,18
SOLEDAD965,18
Stella,17
Valu_15,18
alfredoj69,18
lmfem,20.754
Kassid72,18.4
Luciano15,18.2
MarcosGuzman853,19.429
HanaSong,18.375
unasuntoprivado,20.324
liriodeawa,18
Hernan,18
jbmdq,16.333
Mario77,20.361
solcilord,18
marimbita470,18.222
RuthEscobar,22.391
amcollazo,18
arieloteroo,18.429
soledaaad,2.656
crisalmirn,19
pulipu,18.857
tintinando,12.033
solemon05,19
ElMatematicas,15.571
barbinaty,19
badi76,19
fiore532,19
verdesanta,19
JulyPach,19.235
beligomez,19
florkina,19
PecuuBarberis,7.98
florrdurann,19.266
GabideCrespo,9.878
verolegui89,19
lalita,19
larolli,19
Diegometallica,19
SofiMele,19
marcelo973,19
HectorF64,19
Steinelany,19
BarbiAngeli,19
Gipsyqueen88,19
comollileila,19
urielmeza,18.571
turkhis,19
Maleg,19
CocaLocutora,19
Matufranco_mj77,12.396
schaller,19
Kobalera1110,19
Gabriela8520,14.251
Drmemea,13.792
fercha,19
elettor23,19
federicovorato,19
Burca,19
kobalera,17.062
betty,19
germi752,18.337
LocuraLibertad,19
Rutini1822,19
Sebastt33,19
JorMolina420,19
valpri,19
ev210388,19
maxilonga,19
SeNiGa,19
Maruzan,10.885
marian,19
jajo32,19
Coki111,18.118
BatToken465,19
micaldera666,19
juan79,19
lamacuchef,7.179
slidergold,18.258
CeEtch,19
MiPeorEnemiga,19
Lokitox6666,19
DavidBostero74,19
mariVazquez23,19
chofilv,19
lemagustavo0282,21
florsalinas,19
aphrodi7492,15.112
chini__,5
juliet,4.884
Elbotero,19
CarlosPellegrin,19
cielomartu,12.118
Flore,19
CambioAire,19
MacaR,19.5
wros1,19.143
micharilove,19
salgadoca2023,19.889
Totoish,18.662
tupackakur99c,19
ferlegx,19.6
GiMo9,20
marianog95,19
mathius,15.888
ambarvioleta,19.4
Carola22,19.4
micabelvil,19
Nicolassuarez23,19.947
elmatero01,18.418
xtitisx,19.915
Edu2023,20
superboca,19.667
NocheaNoche,20.482
N3ur0n4,20
elsucucho,11.632
borgonovo300,20
DynaSauria,20
palv661,20
cessalt,20
ilesi77a,20
facugmz,20.689
wishid,20
Fede2423,20
ivabs,20
slimemax2809,19.842
pablostgo1,20
MdPlata,20
roomonfire,20
Fabi79,20
Julier,15.002
nahuel90413,20
artificialhoney,20
COVIVAN,17.086
yopi2001ar,20
eniwey,20.744
Tatunamatata121,20
luk3985,20
sniedfeld,9
NonoxSoux,20
victormora326,20
AlcoNegro,20
FerDru,20
beluvi_89,18.541
Natalia19208,11.768
SicarioArgento,20
alejandro840,20
MeelYazmin97,20
Losaja25,8.866
DiamelaO,20
carinal230,20
academia_maro87,20
sergio,21
Gustavo749,20
walter488,20
lucial,20
Polimery273,18.333
matangalachan33,18.278
javimdp,18.275
Matias624,20
SheiStark,20
Kurama,20
ali305,20
agusty22,20
gilazo123,14.745
TheLastPill,20
agustina178,20
emagame,22
aieya8,20
HoraceSelf,7.251
lettylopez1485,20
ElChubito,12
mgiselle_,20
estilosiniestro,20
natinatasha75,19.049
Rodry,20
gChnn,20.655
fbiguera,20
Godielon,17.024
samipavese,10.717
mikaela91,20.636
javiercaifan,15.438
Akirahinata,21
NahitanVilla109,20
Camarada1776,20
lucciagio,20.909
coloegon,11
china_caccia,20.444
sebasvidela,20
d9bc7c89b12df54179f892403de95e12ddcba0e9,20
mechisala,1
fedesevillano,21
colotero,20
CandeGattone,20.9
SolchisSolSol,21
nanitalado,21
javierform,21
bebazarich,21
Lazurus_kilix,9.886
nadia2087,15.4
sireninja,21
florarg,21
Nanitananita21,21
Pijudo693,21
sillago797,13.688
shianae23,21
terkios1978,21.758
FacundoBandi,20.476
uruguacha,21
Nadinee,17.346
ayeaye87,22.479
antoda25,21
vmatonte,21
felpex100,21
Ariel85,18.101
Carlulithi,21
matias1,5.864
Absolute,19.431
brujakata,21.333
emielano,21
claudioinfusion,13.544
davesyouknow,21
camilai,21
delosvientos_,21
salome,20
Majoritydarking,15.137
Saaadbrina,21
flor92,21
edgardo19680796,21
chiquitombino18,21
leozakert328,18.696
Frantaringa2022,21
javimp3d,17.469
sebazaba2120,21.279
cabellosdelanaa,17.174
PeladoCordera,21
Mdq959,21
ivar1329,2
N3gr085,17
gordo7747,21
gracebies351,20.014
Lizbeth24,19.633
MarcoNarco,21
waters1612,21
TuHermana,21
Karubemi,21
Gavriela,21
danitor70,21
romini,21
maggiebl,21
tefcoronel1,21.721
joelpe,21
Charly,21
rocamania94,21
Gus007Tavo,20.25
Jifonta69,9.905
val1981eria,21.5
KobietaBoutique,21
Tomitom,21
Electrokcho,21.286
gardensofgod,21
leandrocevallo,21
CYBERCOKE,22
federete82,17.557
Agustin778,21.625
Celeste,22
Pastrana,22
Peaueleape,22
Ezequiel_dc,22
kuku999,22
Dario12,22
Noelia19802004,22
Eve388,0
SANTARROSENHO,5.632
Juax777,22
rusamcd,21.359
c4rles78,22
brunosalvaggio,10.718
pincharrata2023,22
dancirivers,22
VictorBrc77,13.724
gjrumi,22
mflor2218,22
Cwolf76,18.204
vilchez332,12.063
Titina20,22
Guillelienhar90,22
Pablo230581,0
lauty_taglieri2,15.632
tute23,22
natypr88,22
bubthezombie,23
Kaoticarla,17.449
gus2225,22
lacadorn4,22
kosthiacl,22
solene,22
shark_atack,4.26
anditas,4.924
Macusion,22
keyKamikaze,22
maddoxx_killer,22
mardealcohol,22
Aixa77quera,22
mmaigutierrez,22
aldic22,22
Leomanya_269,12.835
Majit0x,19.5
Calacpolanco202,22
itsrocio,22
zeugimalracave,12.59
beluska12,22
maruagonil,22
Danquiss,22
conferaras,16.37
glitchiana,10.536
juanma1123,22.25
alejo4646,23
amaurin,23
PonyMogolico,15.665
avner,23
lexuru,10.772
Antoo,23
laura2627,23
dieackerman,13.993
Varve03,23
devochtka,23
paola,23
Angelique,14.332
Tefy_cronopio,13.642
Pescadorabioso7,11.485
Javascript,23
Gatocharly705,23
Adolf_Jitler,23
gretel,14.533
SallyCinnamon,4.633
Calentamient0,23
22milagros,23
marti___t,7.453
Niniosenvueltos,14.313
migracionTVSa,23
Marcegarcia28,23
Cheer_23,23
chochixx,22.429
Lulipauc,23
LeaD03,19.294
TuViejoVerde,23
enki01,23
dearprudencia,23
PeladoRed,23
MarioAF2023,13.315
Monito,23
braianstiles,23
oscarag1975,18.248
PattoTom11,19.722
Cienciayteoria,23
CharlyRedin69,23
matunirvana,23
ArGuSssTaSssMDP,23
FotonBrillante,23
moyiyaatr,23
neutrino,18.706
Yukio361,23
rodriolmos,21.179
10040431314,23
Mimo_ArCh,5.712
nicolas912,23
juanchi2103,21.155
Carmela2018774,0
granadrian65,4.413
gravizp,0
aylengaona22,5.215
wada07,3.2
jippy14,0
pablozsur,2.162
sstefii4,9.035
marianocarlos90,19.714
YoelArellano_,4.011
aurelia619,0
dr_sipp,0
johnconnor38,1.486
elipez45,0
Heartless89,0
4deliverpool,0
sofiammg07,0
Favio_Beat,4
honda296,0
micaelamedina,0
Tbone847,0
melisaf82,0
aguscirillano,0
gabrielgc,2.531
caros,0
pilar,2.646
pablosoyyo69,2.166
AgusXD149,0.5
gayego65,9.288
cecipietragallo,0
jacquita28,0.636
Franquito,3.335
Tony973,16.538
_Vica,3
LaGataKala,1
anapaulalanci,15.785
ra567,1
renzord8,1
FanyS87,5.15
Daniel8880932,1
ezeetchecoin,22
laurag,1
ANGELNEGR0,1
karkocha,5.111
PetraSofiaMora9,1
crissjoel,1
pibe_A,1
camiladgoi,1
francisco534,1.846
Pamelotuda,1
lade1821,1.286
damilossi84,4.35
Pachi3009,1
Florencia198582,1
lalisa_Mona161,12.629
fpolin,1
DAR1962,8.9
macu1723,1
otomekarasu,10.809
dannyemi,1
chechoramone,1
Miszczuk00,20
cotestre,1.038
Leo1467,1
Lsimpson,1
sofirod2629,1
Lizloquesea,8.175
Bruno,7.241
Florcita,1
gigib,1
ivanwally,10.432
Andresin29,3.395
alemarciana,9.532
Marianochflo,4.972
19flor96,2
Julieta,2
Jazchita69,2
neopelotita,14.115
vaneshalatana,2
ro1301,2
valknut,7.161
rangonipablo,2
fabbiodericotta,2
Camiicoloress,2
maria90,2
Negrablum,2
lusolefolkis,4.863
natyco_,2
ciranos,2
narivarola,13.295
quueenn,2
Rumpelstiltskin,2
valerita74,2
Melina111191,5.603
manilalips1983,2
cutilin,3
rolo1974438,2
Kanguro,2
mllanan71,19
carogiovannoni,2
Alemancini0402,2
larix,2
pablo4380,9.913
DanielitaYas,2
Caro057,2
ChrisGabriel200,2
Billonder,2
damianfunebrero,2
Javier85805,3
charles,3
pauli0502,2.714
ArielVDP,5.485
hellpopa43,3
Lexotanil,6.191
TaringaTarot08,2.224
IndioComanche2,21
KiNGMDZ,3
Rommi,3.005
ConePascal82,3
Danysdi23,3
buenoperoqueno,3
Pablogonzalo,4.587
notb3,3
EnzyMnd,3
marce424,3
marysa,3
eugerazz,3
Dioni89,3
rejuno,5.089
caropardiaco27,3
anabellaP,3
maxiti,3
ernesxeneixe,3
CristianTucu973,9
gabrielM24,7.929
vikkingus,3
allmusic,3
Waldaka725,3
Serseb1980,3.188
chappy,10.695
Bellenny,3
RamirezGerman,3
Agustin2311,8.215
LilyBarbagallo,4.992
polisystem,4
budindelimon,16.971
guillermokapala,9.069
Mrchisspa,8.256
Dani2023,4
marcoscaride85,4
nacho_088,4
23denoviembre,4
gus077,4
dario,1.977
Gonzalo987655,4
Conobox,4
poetxxx,4
Tano118,9.232
megatips,4
jfunneess,5.517
efe088f,12.524
cacaconchoclo,4
971030537691ccdfa68c1292f624ebf1350012a2,4
cantux,4
ichu94,4
montevideoremix,4
elfenix48,7.535
NataliaIniguez,6.721
lucasvazquez007,5
gastonfmorales,5
Ezequielitopy,5
gigitabal,5
dylan76897587,5
rosenthoodt,8.561
peporacing86,5
danisas,5
vrian_,13.75
arianvaliente,5
angel84,18.577
DanteMasrur3,8.825
natalencio,5
Zaklopolis1,5.75
rodriscc,5.875
jime351989,6
Kalens447,9.76
AZCURRAA,6
luchitax,6
Leonardo727,12.965
Ckomho0406,6.667
mavibi81,7
alepcfull53,7
Ema0014,14.474
PacheD,7
diegitook,5.611
jepr484,4.342
RaamaSl,7
negro1984,7
guadalupeponce,7
pablitowifi,8.143
shumway,8.012
Javier,8
L14M_JPG,8
Normi1460,8
Juanma7547,8.83
diaz256,9.966
bbkjonny7777,9
pamagi66,10.681
nicolas_93_77,9
afkmati,10
luka38,10
Sol1991,13.737
dcreixell74,16.249
Walterkiller243,8.471
LeonardoD1995,10
Maker,10
HerrBardo,10
funesmor,10.25
gusty51050,11
iverly,11
billykp,11.722
ElTroyMcClure,13.208
carlosarielok,11
MF_759,12.71
cmenterio,11
Leonel175,11
rober2310,18.8
facundosassou,12.294
Gonzalo965,11
Mat_Stone,10.525
Ghost,11.4
MarioT,11
NachoZ51,11
rolandiJoaco,11
belenR45,11
Poringa_OK,11
sncabello,11
ferjuba11,14.663
Ale_12888888,12.322
CuraRevoluciona,11
cristian811,12.2
Bardo3000,11
mattdm,12.035
ineBil,17.57
BullyGeuna,12.947
lagtar22,12
Laralaranja,12
Facundo19846,14.214
omar829,12
Francisdiaz,12
morganpampa80,12
Lucaseuge55728,9.724
luchano81,12
Wanfaiar,18.638
vascooctubre,12
QueridoAmor,12
Ematempr2510,14.533
DanielaDav,0.72
julieibarra,11.035
Arriero,14.111
Carlahmar1975,13
Jamtronik,12.232
reo2217,13.739
tresveinte1,8.927
andynarco,13.594
Morganoff,13
Tiapech,6.785
Renso522,13.875
javiermartinez1,13.5
oscky69,14
Pedropascal,11.651
SrHulk,12.44
lucianorusia,14
ibenavidez627,14
nico7786,11.729
Esteban102,14
vhguevara,14
sandrobaezla12,9.27
Sebas1425,13.317
paformado,14
elvergon_zozo,5.782
jmrocca82,14
ElMochy7,14
Rorrro,14
Lithoven333,14
Juan81Quiroga,14.14
nahuelTRL,14
eugeniaelencina,15
Chulireloco2k23,6
Shin1796,14.839
PocoLoco,15
stangachueco,15.972
ComePolenta,15
GonzaMercado,15
FerminMercado,15
GustavoBenitez0,15
MiChuchuchu,15.333
seransu,16.955
teyu007,18.403
valenbarrera215,15
wwwtanuki,21
Paleeeeeeermo,20.216
Cereal,16
nishinoya040,16
yo71o681,16
KanoUY,16
Tiso1905,12.026
Matiii1991,17
sumurgujo,16
florenciablumy,16
konkistadot,16
malafucha,16
Anacleta,16.539
Mia305,19.779
josefinasheana,17
JuanCantero,14.434
melanieflrs69,18.636
Aldana909,17
mbproducciones8,17
fernando9,17
ariel960,18.308
lamarimar,15.99
Meli2103,17
molinaluciano,11.014
Oscar133C,17
DJ_KAVEIRA,17
Rabidfish,7.2
TerraGem2000,18.324
_rufian,18
diego575,17.773
pato1975bz816,18
Oskyjmonse,11.315
Anibalan76,18
facundo716,18
kakkin,14.307
mefistoxx,15.286
JoelGC005,10.223
capone1976,19.533
Fernando2021,19.526
Charito2023,19.298
ayelenjuarez71,19
Gustavo2M,11.68
waldoVal,19
casualidad18,19
LemosFabricio,10
jdr1961,14.478
ivanp_96,20.5
colchon487,16.689
Ecomail77,15.356
walter031991,20
McwolfSC,20
Morocco1971,8.71
Nicocanch1978,21
romafer04,21
gregorio666,21.222
jose20,21
arimora79,14.077
diegoarielsoza,18.873
pablo_tik,22
Seba4544,12.9
joselfcontre,22
wilson_1973,23
Andy_9318,22
MICOTOX,7.727
Trolls,23
Dylan511,23
soleaguero,23
German1910,23
LunaCasiLlena,23
JorgeBonatto,23
LocoTraverso,23
Panchomondelo,0
nan3070,1.714
Danyelcachu,0
cortes725,1.762
Bricio821,1.66
Fer2023Yo,0
tutuca,1
hernanhc3012,3.694
mithofarno78356,1
martj2023,2.437
Pablomartin7676,1
4e2f1b5b8b5fd7fe8eff623681a92654deea43b6,1
hectorsaez,1
eduardo24,1
diariero,11.082
luis91100,6.345
garasi66,2
alejotebrian,19.771
tarasing001,13.429
patriciaummy,7.169
Colyz,8.391
furia256,4.505
vptsubasa,2.5
Abacap67,14.86
OZ2312,3
capoquemero,3
Alenob0303456,13.703
Eduardo08739720,5.259
gfretes,3
ElberTelechea,10.185
DiegoAdriel,3
JorgKing33,7.556
Fede_220886,4
elgatonegro7789,10.736
Altobers,13.964
sergio8224,4.251
vm_04,6
Wally_Sebas_Ok6,6
tony022,6
Hush2012,7
Leonel099,7.377
danielsan402,7.8
Eze_42_,19
DarioFernandez5,9.121
kabopineda,8
Jakn3r,9
carliu1902,10
fabianc702000,9.392
Roger1982,11
ferende,11.905
romeo,11
MarianaGomez,12.5
Dario870251,13
Alfre1022,13.074
Ollezek,14.475
RubenPepe,9.36
Rod_Avlas,14.157
ellechesforever,12
joodonel,13
Valverde,14.461
ElDomador,13
rodrigor012,13
elmuro,13
tatilius14,13
irmix,13
Danielgarci45,22
Pereyrna14,14
TheRealRolla,15.4
seba931492,5.052
degre514,15.749
YayoArellanoA7X,15
2004NOB,15
jonanjr35,15
shensukii,15
DarioAraya1,15
idiomasnordicos,15
gustavic1976,15.333
mikeas2,16
fcereijo,16
ReyKerTe,17
PanchoTorres258,7.309
ozigaran,9.789
MA77HIAS,14.939
aijupapi,17
Nicolancaster,17
tinchu,18
melit13,18
Maledrk,18
Tropillerodyj,14.545
folk247,16.152
rodrigo22,18
elbasto_22,19
Limonada_GG,12.684
belmartinezr,20
IstvanJV,20
MAVEMAVE08,15.085
Sandra31,20
JamucaJah,20.608
Omundus,20
storm755,11.819
enzotecla_2711,21
EduardoVI312,21
Gabucci,21
fede768,16.926
eustaquio74,21
Gbriel_76,21
icaro589,20.071
ferchulanga,16.844
Dragonfingers,22
naccop78,22
manusa911,22
juanipereira806,22
Gastonchisss,22
Fran_Osorio,22
fenix,22
LUFFE,22
jpradal,21
LEOMARADEI1990,23
AREA488,16.286
C0V3N4NT,14.068
nahujoak,23
tutos9,23
AG_EC324,12.349
c7cc6eeef505f6fd80d19aeddb039a505ce2280e,23
scarymaxi,22.252
MartyMcFlly,9.56
jota352010,23
fervii,9.857
andresito031713,0
micudv,23
SirJax2023,9.857
fer1p,0
facu1985,0
CompraInternet,0
pmarino2013,3.34
ilAngel,9.717
daxxdel,0.725
Edgar2023,15.258
manonegra66,6.169
w13gary,4.424
Maf2023,1
roxasmyax488,1
pablood,1.625
germeng,1.423
Palacio1986,1.5
julicamposdiaz,6.569
MumaGonz,2
Ieshua30,2
LuisaPineda84,9.28
HectorffGaming,2
dariogavinio,16.866
mpalermo0999,3
RodrigoLobo01,3
Freddys782,7.154
san_pucheta,3
lucasiglia,3
Patricio1131,18
sabumnim79,2.073
Ryder994,13
monomdq82,3
colo23,22
Horsys1978HH,4
marcosqno,4
delbloque2,4
ciro1995,4
luzbel,4
maxinga,8.329
sam_aberto,5.545
warmen2525,6.94
Lautarogerezz,6
CEVSFIXESMAN_23,6
German4328,7.578
bvazquez,7
emmaruiiiz,8
cristianguz,20.76
isidro1992,9
gusj6,10.699
Gerry948,9.5
juancho50,10
DJtembo,10.484
LaloZepellin,3.407
margrel,10
nukkuva_aurinkk,10.981
Nofear78,13.701
Maxicabello,11
Nathann1988,11.749
ferdoba,11
mario1977,11.167
gala2008,12.816
Etrerion666,11
radaburgos,14.072
JRSXXI74,13.125
ajunes3,12
taunus11977,13.736
dferras,12
ichigoroger,5.102
vicuyaze,12
MACKEYLAN,12
Rastu001,13.701
pabloleal621,12
fraruar51,14.8
tavito75,13
kaihanspel77,13.97
adrianyester,14.093
jorgecarlosoe,13
Vito_Corleonne,14.093
MorthMier,13
damian10,13
vms51,13
Cristian79,13.75
oepastor,13
zabudom1982,13
delosmontes,1
SuBelcastro30,14
GaboSanfilippo,14
matheoo,3.125
lopezd97,14
mauroopereyra,14
Robertocabral75,14
Alessito,14
FakuuEzequiell,14
Danipelon50,14.818
gabix,15.333
Yomigar,15.081
minegritooo,14
opotro,14
Maritocanayon11,7
DracoDarko,14.182
lujan34,9.035
conquision,7.513
nekonight,15
Gwolf007,15
Craniax,15
mate_blak,15
Alevelasco,21.524
danerko,17.166
Nocktambulo,15
Yosoyjuanca62,12.534
santi_cr,15
CENEAPE,17.593
juanse,15
ferrichi119,18.889
mrukav,15
guso86,15
moyarcers,21.651
QuiqueCruz,16.641
ashir,16.2
grafolin229,20.372
Antoniotrkmd,16
AsterionJGR,16.545
perr0d491,16
ponchito2015,16.986
chalyb,16
RikiOncini,16
Mafuy,15.702
MatiasDel85,16
Nacho02041983,16
Alhersie,16
damianjl,13.806
scripjona,16.714
ale206,17
hugodale,17
ElPerro622,17
Tenju22,17
Chepo2033,17
holverar,17
MartinBlanco1,18.469
auditen,17
mandrake0511,17
alettos,18.549
Carvaharain,17
nemracxrah,4.458
Luisgregorio200,18
cami_,18
jaimico_capo,4.571
Dolapa123,18
javier1958,18
Carefito,18
Dalapa,18
riateri,21
ManuelCordero37,18
mcometti,18.667
eduardosconza,18
mariofe1971,18
USIA01,20.027
Prescott2308,13.438
mariano5800,8.364
luquinte,19
edzonortega,19
asterixxx30,19.745
maurixio55,18.28
maeldelca,19
titoleogon430,19
menosesmas23,19
jrferr,2.098
Torrenueva9,19.5
OrdnaelGG,18
marogon,17.96
Maquisard49,10.499
12Mig60GGG,20.174
ivan_red,20.462
OakyMarolio,20
supercat2315,20
Matxx_xxx,20
FranSuarez1,14.156
luiscolla,13.813
elvisjager,9.056
felipeevt,20
jalpas645,20
maty99acosta,20
lisandrino,20
ralhdiz,20.833
georgalito,20.8
MundoPokemon_,21
alan_pancho,20
alastor1983,20.1
Rickstein,9.594
OWNERT,21
beluwu,21
LeoPuebla,21
VolJin,13.481
gguier001,21.954
DiachiDai,19.223
david19021990,21
eduardomunoz,7.065
MCHICAS,21
Sabiio,21
julian6464,20
Duncan,21
Dilan,17.083
Rodrigo235809,21
Carlitox09,21
Madman,13.696
GabrielSS,10.567
danielesmar2,21
Mspawn,20.06
Gerardo_PH,21
CGARCI4,21.75
pablo_maiden,21
MaguitoSonrixs,16.2
migo2271,22.167
alexis32,22
CarcassMGL,13.297
ojovel1962,21
Algunpariente,11.807
daianadlc,17.798
V4ll370,21.111
NSX90,21.829
MrRevo,21.357
Gin2411,14.171
Jessecorpse,14.442
panchohugo1958,15.83
romi531,22
Facebourologo,20.755
thierry_leo,22
pblmrtnz,22
LoisMartinez,18.145
Alan_Albornoz,20.156
Facugol22,21.774
jorge90,22
Zabuza,12.36
dragonrider,22
felipefirole43,22
Castillo55536,22.125
Ramses1904,19.253
Ginalv023,22
R0dr16068,22
FeRaNiMaLiTo,22
PORTER,20.28
jras72726,22
DruidaRuizok,19.317
DJKrixsPY,22
fdc94,22.25
ELkarmel724,19.385
Nico28,21.053
Ezeee500,22
GUMC630723,12.509
CarlitoxW45,22
eif19,16.931
fagamon,23
SebasGC1979,15.05
whysoserious,23
Razziiel,23
MASTERSHINE,23
ffedde,23
iluminakki,23
connected80s90s,23
Hirool2,23
FacundoRab,22.225
Netto,23
renogtamax,11.184
necrobrain,23
lukz86,23
z4m4x,14.72
Wiki_Liko,23
voxero,2.75
intrasistem,0
erojas1217,0
nicom,4.829
nic0l4s,0
n3sss,0
far117x,0
marinjad,1.583
ismamilenio,4.4
nookie_87,2
robertocba338,7.806
miguelalzatea59,6.648
jmpp1973,1
betos30,8.965
erickes5stars,1
Weinzettel27,5.8
Gonta,11.575
walicillo73r,1
turkissian,9.007
Gustavo69,1
Carozo,1
edduarlm,1
Hidarmind,5.886
metalrckf92,4.5
leatex,1
dianaga214,8
encito23,1
FabricioRisso,1.8
Neonsita,2
Phakuntho,2
Gaby705,2
Joanatita12,2
yovanex91,2
Fairlane22,12.5
Twony94,1.005
lulagomez12,2
DavidEnr,2
Gu77o,7.143
Juuancruuz,2
TroyOtto,13.275
andrewcobain,2
ktommy,2
alejoa13,2.4
Carlo758,12
oskr27taringa,3
Walterjz,12.1
jareato020860,3
SebaQ,3
MarioMansilla1,3
rivfa971,6.2
sergiojuy680,3.217
jcancinos,3
aalberto85,3
Elmorocho815151,8.333
Balbinn,4
Charlybolognesi,4
jarolcortes8552,4
BOHEMIOSNM,4
arangel666,2.998
Dazgrunge88,4
fere78339045,4
FelixMadero,4
javiconeo17,4
Mariomac2,2.887
flavio577,4
trotamun2,4
Alons8370,4.837
erreoa,5
idemgohf,5
mvzooch,5.444
JavierSanchezVi,5.441
lautaa_sossa,11.114
santiago3987,7
_viciopes,10.367
pokerapar88,8.475
freakinok,9
charlynegu1688,9
gastonmg2000,9.486
Korneta_Suarez,9
virguero77,11
guiyermo189,10.21
FedeX2022,1.684
Lucas_Daniele,11
escob777,11
joansego,17.556
misha,11
german989,12
larroni1959,12
malboro98,12.653
DestradaGh,13.106
hiitower,12
carlanco,12
Erickhz,12
BENDERMDQ78,0
racsalto58,13.424
leandralda,17.754
marmoraless,13
elbubu2020,13
riquelmi,15.646
Diegorocco,13
Jotaele24,12.655
iAnderTz,13.75
sarabusitrato,8.434
qcumelo,14
thelalos,14
hackercab,4.613
Bastiodon,6.505
Espioscar,15.52
gustmart,8.563
calanbury,15
Yoyan90,19
test06,18
stratoheart,16
BrunoRoberti,16
ManuelBKN674,16
_klifort_,18.5
Andres7312,17
ale2xi,17.75
FreddyGames69,17.122
pollyyokok,10.388
CABASHO_69,17.111
Tiamatknigth,12.991
azibiza,15.098
Tomas917,18.137
1qa2ws3ed619,18.386
Germanjar,18
Isotoc,18
ROBERT7525,18
ValentinoMelnyc,18
ggg1977,18
Francoo672,18
majencio84,18
Alva3000,18
juanazazo431,1
lupatu,17.574
Jensum,18
Diegos041020,19
polohub,19
DesingBondis,6.842
fabianrevale,12.84
Magdalun,19
Gu4son,7.439
AgustinCamina53,3
antoniobonos,12.36
75Scorpion,20
catastrophicd,20
diazrodolfo,20.5
MatiasO99,21
nelsonn91,15.003
Sibrim,18.648
ka3ll,22
wallyway,19.215
carlos3d3,22
ysylvyo,22
test_jos,10.242
Emiliano,15.646
WalterKalichw,22
andrespuerto,22.06
MarcosCesar1978,18.58
claudio_85,14.172
Saitam80,18.893
Rolorodrigo04,23
som_osra,8.124
nrcardoso,23
Tomimencacciok,0
Geragera,1
XatashaxX,0.667
PR0FA,0.8
viejoro,1
bicho,1
danielmrp,23
kijg1422,1
Miguel19712896,1
joakookra20,2
elixeo,4.719
climb,2
toledojorg799,2
Rulo2000,8.416
juanpuebla1,5.143
vrtvra,2
Gabrielisaac22,2
hernan298,2
Marcos_050280,2
danubiano964,2
mendomaui,3.077
marcus89,2
ge_de_de,2
Cedron1992,2
lopezgonzaloe,10.8
ft658,6.628
DONDAMIAN6,2
Mati47,12.197
jeancarloscc,2
sergio2780,2.625
maildejuegos,2
timon999,2
Leo71,3.8
Facu_2409,2
Nacho1,3
jesse18,3
ValenchoTrece,3
RDG35,3
plumoofmendoza,3
fedezi2186,7.667
BlackAngel2020,3
THIAGO1212,7.931
Pablompereira,3.333
TheDonManolo97,14.68
FacundoMannise1,4
gustti,7.5
luixpax,4
vendimia,5
joshybaMx,5.737
uncelestial,6.851
gonzalo75,9
andres09san25,10
fedbag,10
Gabrieellk,10.506
anivlis,12.846
esquelense,9.561
goodpage2007,11.845
Facu77_lopez,11
leo9566,13.423
manurosas45,12
Werner1376,12
kevin30,19.834
lgiordanino,13
jesica90,14
guyecho,14
leonardo420weed,14
IcarusCS,14
Almagro2020,16.728
ManuChevy,15.667
belza,15.748
gite5,11.859
leobastias7543,11.927
Vixonvsky,15
gede95,15
Ilargia26,16
CAVEFAR599,2.424
AgustinBeu,16
saisore,16
lDazterl,17
Karinachubut9,17
yealink614,16.979
kapunaru,17
NorbertoRome964,17
Mario1821_6,19.159
Eduardo769,11.148
Javier_vt,17
caaasaaa,18
s_anderson,18.324
egaqfb,19
sergior329,15
andy86bsb,20
Yanka21,20
kdkdkdkf,21
jfkfkfkg,19.68
vladocas24,21
maticayla15,22.466
luis0097,22
mtrs3422023,22
bebonsio,22
TIERRADEOSOS,22
pierotraker2734,22
malver1890,20.52
Thiagogomez7,23
gooooou100,23
lucaFenec,0
patriciamdp7712,3.858
MatildeGAg,0
Kaiserjfvo,7.294
GadRamos,9.513
Melanie,1
eriqui_piojos87,1
Verdeclaro,1
lukitasvar,1
silvio441978,6.207
jeremias,8.643
Rockeritto_16,2
jeam201987,2
Rubenrgv,2
patomec,2.385
juanjose3146520,3
Cristianbg10,4
Tincho07995,4
sebtian,7.474
msconfig2023,14
GNico8,5
DamianGrumelli,5
MDS00,4.824
davidyubel,10.761
Roberts,8.153
Nikias,7
dariocaiifc,9
Martin0622,10
JuanGGM,10
fedemendoza1987,11
benjaminlaplata,13.556
nokiaito19,12.976
RossCorr,13
vamos817526,13
javierperl,13.714
anfunes,13
Dead_Angel666,10.333
ignacio12,14
Vayolet7w7,14
gorreadosoy001,15
diearzam86,17.456
NoSoyMikeco,16
pabloigarzabal,16
elioandia,16
Tatuzo2899,16.167
crissverde,17
Diario1994,17
checho41,17
FreddyArg,18
j_0ne,19
rsx4mex,19
string2651,19
Gabo202427,20
thenobodie31371,20
Ricardoeugen7,20.75
Nielsan,20
oscariov,20
Manunqn22,20
AlexisVallejos,21
njcolasuk,21
Fabian4528,16.525
sexobsasoeste,22
davidjcajal,22
Alberto197547,22
nicolassti,23
S1537,23
RoxanaCautela42,2
sergiocbrl,23
568b3645364f3fc1728a5e26805fe1f90154f2c0,4.335
Ale14lencina,0
henri1964,0
DVolcof,1
Lauta,1
justursu,1
Ripcazz,1
eleduin_,1
pochito,5.53
guiir0,1
Luikirod,1
Zamorak,1
santi49500,1
maconero,6.712
jjjero22,1
byclop,7.076
roxy508,1
fran1914,1
sssergio77,1
camdombero77,1
IvoPavic,1
Marce471,1
Manolo0776,12
floyd70,3.208
hscoriaxd1,1
pedroesca1,2
jomivas,2
MrGero5,2
josedan1el,2
Manfred39,2
jolind1978,2.977
Dariojose1992,2
NahuAlvez,5.064
mati404,2
joaquinGog,2
DIEGO5596,2
Termi,3
tu_vieja_y_yo,3
willybahia,11.873
csrslvdr,4
freackfito,6
0211bbbf173e24c9148c0539b2fbbb71485c406b,6
paramerge,6
draklorggamers,6
MariaDeArg,7
hds412,9
hernanbarreda,7.268
blopagohu,11
anakinkalel,11
GermanIglesias,11
jonaarg21,12
mayapan,13
delacanals,14.132
mcarrerastattoo,13
jenga4235,13
HormigaCda,14
Mr_Senador,14.222
JuanNicolas,12.976
diegonu,17.444
0xChin,15
Pocho2008,16
ElioPeguero,17
joseluis2611,17
Huanquero1952,17
dejesusfacu,17
belgrano1974,17
Jdmemarketstore,18.236
MAXI_VIRTO,13.691
Xvalen9,18
L3it0Larenga,14.984
Wally_38,18
Oscarr01,18
PatricioAnton51,14.8
reydeezeiza,18
cndla,19.167
ernerivero,19.296
ComoTeDueleLaCo,19
damian0090,19
muyalto,19
sandrocsimas,19
conetxion_eam,20
neslore,20
01de36ffa2df757eb108cfee5ac32ad51e45c880,18
gustavof58,21
leanderMenphis,17.632
Kagosen788965,22
chechorojas1980,19.313
dou676,22
juanpy_z,22
leandro451,23
alejandrobarci,23
clau2122,23
fontaine327,11.3
hernix34,23
simon1702,0
Juliopep359,0
Leangc17,0
Piscuchele,3.996
Lautarinho,0
teyloraldrey,0.833
franco1,0
UdsfTatito,1
iazamon,1
Emirosso,6.898
podetto,1
GordoTaringuero,1
xochhp,1
piantadino82,1
joseperez76,9.728
kebin1022z,1
IZeroI,1.545
julian_ariel94,2
guillotederamos,2
Cristianmonte42,1.837
emanoir,2
cachito1976,2
eareizao,7.143
chaponin70,1.765
vientodivinok,6.156
Marianoagi,2.5
lord_chechox,3.371
Cesar8941,3
2fccef545861da8682634a315a7596aa16f039ed,3
CS1976922,3
maxwell,3.87
serthu,4
akkos,4
vientodivinoo,4
lucianosnchz,4
MalProgramado,4
8ElAlE8,12.755
fastbreak132,4
Oroli90,4
csacarel,4.222
nenazo23,5
ferchu211,5
MaxPower2023,5
Tatto345,5.655
mathiasrecalde,5
Llano,12.219
loloferdez,5.745
Sikiero1,6.496
Chapacba1,6
candelaria,7.63
maq1996,6.893
Miguel,17.908
lucho0183,11
Loletri15,13.218
gonza,14.5
Cacho_Marley,14.168
Drozzymandias96,12.268
munina,13
lfo_90,13
appa_stan,15.182
Aguss357,13
pablo19,14
ValenV19,14
PolarisReich,14
jpgansi,14
RUSOB843,14
NykoPrz,14
zeke1991,14
Diegodl2002,14
BELADELCONDEBEL,14
RomaAlonso14,15
Waltercapo77,15
Nando45088,14
D3ad_b0dy,15.3
6seis6,15
jas0n,15
1lluminati,16
Joaquin201363,16
Hoffa_L,17.571
Elnegro_Tripode,16
MrLeo,18.811
GonDev16,17.158
tamatoa,17
WOLF84ANUBIS,17
xavix78,18
Gerucho614,19
carlos668855,19
federrii2020_,5.912
Player2,19
eliasvitali,20
Vektor5784,20
pedro_elias,20.216
electricgarlopa,20
reds666,18.623
edubalagur,21
achurado,21
Linho34,21
omarAKD,21
jtouri58,12.086
bba2feb7891ea6b7c8226758ead3b3cb0305c523,22
Hoe0277,22
martin24,22
Antiantisemita,22
gaby_elciber,22
pitofaez69,22
polaco,7.982
joselos50,22.241
axelbluue,17.779
CRISTIANOMESSl,12.862
destinusa,23
tomyakd_,1
hilemcita,2
alexisenrique21,2
GiulianaMz,2
kyo2236,3
nap1989,3
MauricioMacri,12.703
fjrlombana,3
Darkmonkey,3
EinarMorder,4.237
Santiagopr1985,3
superdiegg,4
Mats1800,5
ezeeamer,6
ElRolinga,7
las331,7
leonel_0099,11.382
dguerra_1417344,11.333
pitergomez1963,11.167
claudio18,12.769
boca5221,17.071
RuloChef,13
Cronocine909,14
facucast,14
lopezjuanpablo,5.899
IrinaGermanotta,14
DominikDecocco,14
MBernardo4881,15
pademango,16
mELA550,16.682
LucaGesualdo,16.52
exe1206,17
nacha,17
Taxel345,11
Dragon_Gamer,20
exiquio07,19
edisonXD1234,19
LautaroAntriolo,19
elmaguinho,19.648
mariantriman,22
LAM__,20
daniiledes,20
leandrokrinner,20
colos98,21.5
Moxen,19.932
jorkoronel,20.598
Minoviayyo325,22
xdavisx,22
nataliamaccari1,5.049
elPengo,23
UlisesGarcia195,1
ariel0501,0
anshello76,1
maddoxx,1
GatoPrieto2801,0
mavago,1
matig_14,2
Leomencho82,2
lengui14,2
Jcardozooficial,2
juanma0,2
fanto22,3
FGBARCO,4.5
MartinPeralta74,10
joaquin30,11
ian31,11
leaneleg,12
magrenmdq,13
MauricioLozzia,14.161
tentizo,15.2
Zerpoxeneixe80,13
JR227,14
Emi227,15
gustti269,10.867
flakura300823,16
MauryBeta,16
Masterdhin,16
LicMaty,17
Supay21,17
EduJahvier,20.333
elfranchis,18
charlesalpz,19
omar_elshamy,21
pamplinas395,18.709
28170b0b5eeb5bfc968240e77eb08ffa789050a1,21
h0r0c00157,22
JuanPereyra,22
genagiwata,23
gabigol75,23
lukis3315,1.75
eduardox4,1
Aledeeph,1
RamiF,1
fokarro,1
agus371269,4.182
santiago14y,4
el_Ratita,4
Rudy324,7
paolaksj,8
Crisnelam,8
robertorojas200,8
jowica,9
Eddiecaste76,10